{"gamma1": 0.1386900909282321, "gamma2": 3.722619817946746, "max_value": 3.010752688172043}